objeto,hv_mean,hv_std
person,71.90860248804093,1.333291394383571
