iterations,cfg,sd_seed,guidance_rescale,f1_alg,f2,fitness_yolo
5.949536823588093,4.778916674698362,2416.5025620121573,0.9687320100378435,-0.9206610918045044,5.0,0.9206610918045044
8.107942263337726,4.742462926234653,2161.732063787709,0.9661579247652736,-0.9617749452590942,8.0,0.9617749452590942
4.978709753714497,4.769748336857512,2416.5025620121573,0.24978030186575123,-0.880292534828186,4.0,0.880292534828186
7.548433922632478,4.8062380750585785,8500.14140997822,0.2354802789334226,-0.9384632110595703,7.0,0.9384632110595703
3.2443343115594665,4.408766935349215,8386.376268854312,0.2499446929549739,-0.7593632936477661,3.0,0.7593632936477661
