iterations,cfg,sd_seed,guidance_rescale,f1_alg,f2,fitness_yolo
3.0083668551688305,10.828462635861303,6857.885528089766,0.9467172061310796,-0.7193626761436462,3.0,0.7193626761436462
13.043333268803867,4.935814438887261,7029.017060638666,0.9106949318065753,-0.9660959243774414,13.0,0.9660959243774414
16.31754572589274,5.83708001889628,7029.024903606116,0.7656570826406736,-0.9672581553459167,16.0,0.9672581553459167
9.02586429869177,4.581662000255006,7029.024894447027,0.7796265526872861,-0.9637608528137207,9.0,0.9637608528137207
4.114895001351289,5.1201807060150655,7356.943338260321,0.998594816616274,-0.9264913201332092,4.0,0.9264913201332092
23.18516018001985,5.110738703406632,7029.0248908214135,0.7816773134506058,-0.968380868434906,23.0,0.968380868434906
8.736066005532951,5.911898290617187,7029.024900836583,0.782098104235583,-0.9613015055656433,8.0,0.9613015055656433
