iterations,cfg,sd_seed,guidance_rescale,f1_alg,f2,fitness_yolo
5.275116840629939,7.26624949403269,8528.652420505945,0.30495783836095913,-0.9135302305221558,5.0,0.9135302305221558
4.567903747448394,7.286847103990495,8603.945413678059,0.37945041193329676,-0.8636301159858704,4.0,0.8636301159858704
22.157922836108042,7.312428726480474,8635.973825286701,0.30080526916807704,-0.9560896158218384,22.0,0.9560896158218384
3.570411748762233,9.90474179928493,8479.656589203229,0.30495783836095913,-0.8114225268363953,3.0,0.8114225268363953
7.192873548947979,4.130151140542498,8528.652420505945,0.608399052995246,-0.922123908996582,7.0,0.922123908996582
22.192988555550254,7.312428726480474,8635.973825286701,0.30080526916807704,-0.9560896158218384,22.0,0.9560896158218384
15.687037453097544,7.072564175471815,8635.973825286701,0.3054511675801251,-0.9476070404052734,15.0,0.9476070404052734
22.195418599427622,7.312428726480474,8635.973825286701,0.30080526916807704,-0.9560896158218384,22.0,0.9560896158218384
21.701696923248413,7.3004119114127,8635.973825286701,0.2729255577791279,-0.9499123692512512,21.0,0.9499123692512512
