iterations,cfg,sd_seed,guidance_rescale,f1_alg,f2,fitness_yolo
3.852807161746098,4.236756209695485,6838.90672694482,0.2930138716207612,-0.8017351627349854,3.0,0.8017351627349854
6.07426068581259,4.547985265554795,7836.551369586032,0.11484350804386621,-0.9510188102722168,6.0,0.9510188102722168
5.793083010803138,7.209837059947538,6895.2491846460525,0.30634353955050236,-0.8976816534996033,5.0,0.8976816534996033
5.783508383403992,7.209837059947538,6895.2491846460525,0.30634353955050236,-0.8976816534996033,5.0,0.8976816534996033
4.756431371056052,5.496507463184907,6870.495003824268,0.2952572055043041,-0.8873052597045898,4.0,0.8873052597045898
5.783308341624702,7.209837059947538,6895.252267590186,0.30634353955050236,-0.8976816534996033,5.0,0.8976816534996033
6.302923315833892,4.547985265554795,7836.551369586032,0.11484350804386621,-0.9510188102722168,6.0,0.9510188102722168
17.895016023863974,5.763215354557212,7836.52774485161,0.1553777448449212,-0.9697306156158447,17.0,0.9697306156158447
