iterations,cfg,sd_seed,guidance_rescale,f1_alg,f2,fitness_yolo
6.593758239649284,5.848001567386378,5713.18428047501,0.03668868581181439,-0.9189839959144592,6.0,0.9189839959144592
5.546085743198658,5.996772751679802,9166.459552059525,0.3604086789091197,-0.8955706357955933,5.0,0.8955706357955933
4.444420969912178,5.824046736907295,1546.7321726535274,0.5204758152906194,-0.885755181312561,4.0,0.885755181312561
6.593758239649284,5.848001567386378,5713.184615764187,0.03668868581181439,-0.9189839959144592,6.0,0.9189839959144592
3.8722426495390043,6.148852748989424,5721.608703682862,0.36770822104706685,-0.8161270022392273,3.0,0.8161270022392273
10.342587994084727,4.533307072582408,9463.752609260438,0.04052306437414835,-0.9593575596809387,10.0,0.9593575596809387
