iterations,cfg,sd_seed,guidance_rescale,f1_alg,f2,fitness_yolo
3.7891341701547194,5.149798369507571,9837.656897071858,0.9107129223000601,-0.8276590704917908,3.0,0.8276590704917908
17.611456564204644,5.768604152716164,3506.044358297609,0.006298971059042861,-0.9626373648643494,17.0,0.9626373648643494
7.957819621744554,5.293433733984286,9822.827837572095,0.1185069104491222,-0.9469265937805176,7.0,0.9469265937805176
4.795684764206918,9.38855048297739,9837.576240703964,0.8930338405060343,-0.9253717660903931,4.0,0.9253717660903931
7.957808479422744,5.293433733984286,9822.328519912558,0.1185069104491222,-0.9469265937805176,7.0,0.9469265937805176
7.931965874890886,5.293433733984286,9822.328519912558,0.1185069104491222,-0.9469265937805176,7.0,0.9469265937805176
7.932222674453365,5.293433733984286,9822.351212097716,0.1185069104491222,-0.9469265937805176,7.0,0.9469265937805176
