iterations,cfg,sd_seed,guidance_rescale,f1_alg,f2,fitness_yolo
4.408386992290225,8.182850318950033,9860.6647993687,0.592681168342894,-0.9008534550666809,4.0,0.9008534550666809
17.211860102565502,8.182954367760592,4970.7963799502195,0.5769931434492505,-0.9670932292938232,17.0,0.9670932292938232
11.787731317036467,3.3781265223797234,9916.239718790015,0.5853121535131163,-0.9398542642593384,11.0,0.9398542642593384
8.914124829542088,3.729587242022357,9916.239176065015,0.5807035925630989,-0.9339447617530823,8.0,0.9339447617530823
12.16271573554857,8.697455580457216,4970.7963799502195,0.6079037111267682,-0.9470611214637756,12.0,0.9470611214637756
14.241790400658376,8.987833126618076,4970.7963799502195,0.5847736496494638,-0.9533874988555908,14.0,0.9533874988555908
3.6203529636729916,2.284416870502965,9860.25642038748,0.578036574572341,-0.6331407427787781,3.0,0.6331407427787781
