objeto,hv_mean,hv_std
TV,73.3366212695837,0.6691627004267874
