iterations,cfg,sd_seed,guidance_rescale,f1_alg,f2,fitness_yolo
3.582225769705448,4.604487163197529,9548.069674028813,0.5861437515855169,-0.872594952583313,3.0,0.872594952583313
10.10017808541875,8.181585067907202,9539.307560975289,0.682177873747754,-0.960107147693634,10.0,0.960107147693634
3.582225769705448,4.604486985760503,9548.067992115688,0.5861437515855169,-0.872594952583313,3.0,0.872594952583313
