iterations,cfg,sd_seed,guidance_rescale,f1_alg,f2,fitness_yolo
6.870326908099299,5.574444719399688,8276.672031304686,0.7291249088433742,-0.9350879192352295,6.0,0.9350879192352295
4.935806545134524,5.247095759929547,8938.015012127174,0.792695864905374,-0.8704480528831482,4.0,0.8704480528831482
