iterations,cfg,sd_seed,guidance_rescale,f1_alg,f2,fitness_yolo
15.58367157689182,14.725021886790557,6290.953886227426,0.5790197455888653,-0.9492412209510803,15.0,0.9492412209510803
13.224812223904067,3.8492116918740753,6549.226257862683,0.29459284981040246,-0.8997913599014282,13.0,0.8997913599014282
18.76519509828418,14.777366516454869,6290.953886227426,0.5777564705730146,-0.964319109916687,18.0,0.964319109916687
4.512623917926085,3.670009696924576,6278.056752774047,0.2967535371983877,-0.6139823794364929,4.0,0.6139823794364929
18.765176720082472,14.777366516454869,6290.953886227426,0.5777564705730146,-0.964319109916687,18.0,0.964319109916687
