iterations,cfg,sd_seed,guidance_rescale,f1_alg,f2,fitness_yolo
4.462169149642962,4.817744207195421,945.5555473713744,0.49800022795799437,-0.74162358045578,4.0,0.74162358045578
5.525406898808685,4.8724726005991155,945.5701011357448,0.11548681544001232,-0.7715455889701843,5.0,0.7715455889701843
3.7508933608041803,5.682455935180926,945.5602893317792,0.13347609534949847,-0.6130179762840271,3.0,0.6130179762840271
4.462169149642962,4.817744207195421,945.5549541332849,0.49800022795799437,-0.74162358045578,4.0,0.74162358045578
6.6290683089781695,4.952954421599771,945.5700576551619,0.37787147013075395,-0.9144027233123779,6.0,0.9144027233123779
6.9350739753440065,4.952954421599771,945.5676051306267,0.37787147013075395,-0.9144027233123779,6.0,0.9144027233123779
3.7508933608041803,5.682455935180926,945.56026842123,0.13347609534949847,-0.6130179762840271,3.0,0.6130179762840271
18.939665727677657,3.4554026090017245,974.3914824712253,0.1336907018295038,-0.9207379817962646,18.0,0.9207379817962646
