objeto,hv_mean,hv_std
pizza,70.34791445136071,2.1399284497712454
