iterations,cfg,sd_seed,guidance_rescale,f1_alg,f2,fitness_yolo
19.207136751391168,16.4264064465908,9947.694352542634,0.641960964022462,-0.9636516571044922,19.0,0.9636516571044922
4.023238853932458,16.4264064465908,9947.694352542634,0.6420175212867644,-0.9004262685775757,4.0,0.9004262685775757
11.799117202517623,11.552485162820528,9947.694352542634,0.6452471744875301,-0.919121503829956,11.0,0.919121503829956
4.355646443213988,16.4264064465908,9947.694352542634,0.6420175212867644,-0.9004262685775757,4.0,0.9004262685775757
22.546630673096246,11.552485162820528,9947.694352542634,0.6439542382729925,-0.9650300741195679,22.0,0.9650300741195679
3.088507158861159,11.55093663860474,9371.760780423214,0.7339306084668616,-0.877322256565094,3.0,0.877322256565094
18.979053150605587,13.344148617150317,9947.694352542634,0.6478385073254924,-0.958072304725647,18.0,0.958072304725647
2.7267216488017905,11.536140986273686,362.30207365536717,0.6410137733462161,-0.7307188510894775,2.0,0.7307188510894775
12.106860183879704,11.572899483604127,9947.751896653752,0.641960964022462,-0.9528717994689941,12.0,0.9528717994689941
