iterations,cfg,sd_seed,guidance_rescale,f1_alg,f2,fitness_yolo
19.996219397782937,3.035987151489129,2363.7600919616843,0.7629812226725683,-0.9529188871383667,19.0,0.9529188871383667
2.476368026125636,14.593314090375806,4762.251391757176,0.5079277262710244,-0.5545409321784973,2.0,0.5545409321784973
17.227408423109598,6.973679470727918,2363.4331965559195,0.7734368247481835,-0.9443773031234741,17.0,0.9443773031234741
33.13401587289921,13.407473908502933,4878.106806118201,0.5973617417796482,-0.969664454460144,33.0,0.969664454460144
27.3637547890797,14.020187750592632,4878.106806118201,0.5973617417796482,-0.9651565551757812,27.0,0.9651565551757812
2.476368026125636,14.593314090375806,4762.251416834008,0.5079277262710244,-0.5545409321784973,2.0,0.5545409321784973
3.0130857243167295,5.259767185420804,4939.456920097644,0.6024843198355215,-0.8961259126663208,3.0,0.8961259126663208
4.119295539288336,14.159293656867586,4881.846114794941,0.6004413304811362,-0.9003053903579712,4.0,0.9003053903579712
