iterations,cfg,sd_seed,guidance_rescale,f1_alg,f2,fitness_yolo
3.558587339933113,6.5764580443127985,3829.845881296903,0.5089225101441115,-0.9543465375900269,3.0,0.9543465375900269
2.0262099275077703,6.57723176908496,3838.1727420564885,0.5055311122133427,-0.6336774826049805,2.0,0.6336774826049805
