iterations,cfg,sd_seed,guidance_rescale,f1_alg,f2,fitness_yolo
3.009583650459699,12.571900113297515,5578.197220021432,0.28315339353133706,-0.8824995160102844,3.0,0.8824995160102844
2.4494339741838083,12.453660966809018,4787.793134148604,0.25920519821313476,-0.6055812835693359,2.0,0.6055812835693359
16.351291135952973,9.89484043788772,8076.3233239293795,0.3287911786600507,-0.9462600946426392,16.0,0.9462600946426392
21.59638042939372,12.575152730017065,5513.908621319553,0.2559952213354355,-0.9563540816307068,21.0,0.9563540816307068
