iterations,cfg,sd_seed,guidance_rescale,f1_alg,f2,fitness_yolo
6.128672177473931,10.832312593302191,3994.9354802663056,0.46947129043165886,-0.9700847268104553,6.0,0.9700847268104553
8.865203633778695,10.886683438578629,3994.9355475757757,0.4695783329340945,-0.9768587946891785,8.0,0.9768587946891785
