objeto,hv_mean,hv_std
car,73.36049247384071,0.5409735678701808
