iterations,cfg,sd_seed,guidance_rescale,f1_alg,f2,fitness_yolo
1.0027551467036353,8.3469092295569,1267.2502032242282,0.14148038238823224,0.10120000000000001,1.0,-0.10120000000000001
7.8252173777457585,10.734820235401306,2437.1313554595567,0.9285094772077723,-0.8536629676818848,7.0,0.8536629676818848
7.8252173777457585,10.734820235401306,2437.1313554595567,0.9285094772077723,-0.8536629676818848,7.0,0.8536629676818848
7.8252173777457585,10.734820235401306,2437.1313554595567,0.9285094772077723,-0.8536629676818848,7.0,0.8536629676818848
14.023140534669817,10.753271543262796,2437.1313554595567,0.9364065782963962,-0.9033644795417786,14.0,0.9033644795417786
