iterations,cfg,sd_seed,guidance_rescale,f1_alg,f2,fitness_yolo
1.1486309060265003,10.039962455552018,5675.8531085457735,0.45915825951030076,0.1114,1.0,-0.1114
6.939372030047494,15.49696589555972,6142.0207365703345,0.5276588222807218,-0.3603841960430145,6.0,0.3603841960430145
6.939372030047494,15.49696589555972,6142.0207365703345,0.5276588222807218,-0.3603841960430145,6.0,0.3603841960430145
6.939372030047494,15.49696589555972,6142.0207365703345,0.5276588222807218,-0.3603841960430145,6.0,0.3603841960430145
6.939372030047494,15.49696589555972,6142.0207365703345,0.5276588222807218,-0.3603841960430145,6.0,0.3603841960430145
11.765599830328629,14.78088394749869,6151.629937368994,0.5276588222807218,-0.38660043478012085,11.0,0.38660043478012085
74.07789299056734,15.464144135551841,6142.0207365703345,0.5276588222807218,-0.900021493434906,74.0,0.900021493434906
