iterations,cfg,sd_seed,guidance_rescale,f1_alg,f2,fitness_yolo
2.6482674566262254,12.318454182959542,6267.79891886317,0.11283846898217129,0.13060000000000002,2.0,-0.13060000000000002
1.8242999618434226,11.24965637982649,6548.368322574375,0.11283846898217129,0.2026,1.0,-0.2026
5.3654226214187695,6.486028447925329,2672.930590154453,0.37036274911503064,-0.8343214988708496,5.0,0.8343214988708496
76.01994220548225,15.02860690464611,2292.190323264722,0.37496316850506706,-0.927711546421051,76.0,0.927711546421051
