objeto,hv_mean,hv_std
chair,74.54809183776379,0.3964206677504077
