iterations,cfg,sd_seed,guidance_rescale,f1_alg,f2,fitness_yolo
13.549654217018823,11.348868989416617,6206.8453483481035,0.09438153434175728,-0.9653860330581665,13.0,0.9653860330581665
15.847075921882187,11.335229207814075,6206.974122026555,0.04608566109217166,-0.974026083946228,15.0,0.974026083946228
15.763328853043209,11.335229207814075,6206.972720772719,0.04608566109217166,-0.974026083946228,15.0,0.974026083946228
12.152574825722034,12.593470193136376,6206.974305871604,0.10222474951245542,-0.9611099362373352,12.0,0.9611099362373352
5.412093520457221,11.319710107302765,951.8107639838627,0.24695746619496498,-0.924029529094696,5.0,0.924029529094696
18.889884662800462,11.141502614579446,6206.972725972094,0.5389883831649147,-0.9805834293365479,18.0,0.9805834293365479
4.982881343044791,11.134882026626498,1136.6633651154248,0.25962415087664625,-0.8889724612236023,4.0,0.8889724612236023
6.834815212354797,2.709915885747658,951.8107639838627,0.09614178972022724,-0.9367420077323914,6.0,0.9367420077323914
3.334923047420328,12.160856869949557,951.8107639838627,0.2555079720587728,-0.6456388235092163,3.0,0.6456388235092163
