iterations,cfg,sd_seed,guidance_rescale,f1_alg,f2,fitness_yolo
6.756115755955127,6.565235554954416,9787.415587844836,0.8072548529367067,-0.9469149708747864,6.0,0.9469149708747864
10.869834500823462,3.0687995443408034,2042.5210403744543,0.8096536609426949,-0.9661273956298828,10.0,0.9661273956298828
11.481305869689454,3.25100756072208,2042.5210403744543,0.8098031347487328,-0.974048376083374,11.0,0.974048376083374
10.820363704906988,3.0687995443408034,2042.5210403744543,0.8096536609426949,-0.9661273956298828,10.0,0.9661273956298828
5.5561079795088695,7.1592653760304605,2042.5210403744543,0.6900332152373467,-0.9175438284873962,5.0,0.9175438284873962
4.5488308396364605,3.066411662922026,2042.5210403744543,0.8099843797532055,-0.616344690322876,4.0,0.616344690322876
3.7883733838447196,14.823967601303744,9286.003536152775,0.8268185596596105,-0.5221664905548096,3.0,0.5221664905548096
3.7849989901953163,14.823967601303744,9286.003536152775,0.8268185596596105,-0.5221664905548096,3.0,0.5221664905548096
