iterations,cfg,sd_seed,guidance_rescale,f1_alg,f2,fitness_yolo
17.460993101446455,9.271502018365519,5463.7322662649985,0.9628243653131919,-0.9765800833702087,17.0,0.9765800833702087
4.525753719957039,9.268178827758973,8097.015263508303,0.08055028424880077,-0.9651041626930237,4.0,0.9651041626930237
3.419555493139244,9.277951644393813,5322.2587288756895,0.14329549312587683,-0.8136686682701111,3.0,0.8136686682701111
