iterations,cfg,sd_seed,guidance_rescale,f1_alg,f2,fitness_yolo
9.417217256494762,11.3624460585286,1859.0773881655057,0.04316955402361645,-0.982092022895813,9.0,0.982092022895813
9.417217356285393,11.3624460585286,1859.0773881655057,0.04316955402361645,-0.982092022895813,9.0,0.982092022895813
9.45333304193821,11.3624460585286,1859.0773881655057,0.04316955402361645,-0.982092022895813,9.0,0.982092022895813
8.485801752658038,11.26747423741717,302.04060068018237,0.012394613894346374,-0.8987457752227783,8.0,0.8987457752227783
9.417217256494762,11.362446058563975,1859.0773881655057,0.04316955402361645,-0.982092022895813,9.0,0.982092022895813
4.766073436537196,11.550387860179999,1816.8779625294358,0.08324630919993524,-0.5745055079460144,4.0,0.5745055079460144
5.583831916996556,10.168780022429777,1816.630865788173,0.08158767546657214,-0.8271473050117493,5.0,0.8271473050117493
3.702149720554191,12.7158715552677,1859.0773881655057,0.04318039562729534,-0.520688533782959,3.0,0.520688533782959
9.78763172304593,11.362446058563975,1859.0773881655057,0.04316955402361645,-0.982092022895813,9.0,0.982092022895813
