iterations,cfg,sd_seed,guidance_rescale,f1_alg,f2,fitness_yolo
18.233606633983822,16.60393459845177,9204.699321395277,0.6506059909025859,-0.961334764957428,18.0,0.961334764957428
17.81828640325532,17.913024293408593,9204.699321395277,0.7111382325018916,-0.9570842385292053,17.0,0.9570842385292053
24.7679146976988,7.2404145399777,9401.701723443604,0.29120686975850185,-0.9723178148269653,24.0,0.9723178148269653
55.93551771056278,18.02217358921573,1407.0246236573116,0.6682916857405011,-0.9749916791915894,55.0,0.9749916791915894
5.442330920909025,5.823172350616991,9717.533610358098,0.6730503137460006,-0.9559143781661987,5.0,0.9559143781661987
55.90889766357009,18.02217358921573,1407.0246236573116,0.6682916857405011,-0.9749916791915894,55.0,0.9749916791915894
4.930208271299174,5.823172350616991,9717.533610358098,0.28493217807092375,-0.8498677015304565,4.0,0.8498677015304565
56.55700415319586,18.77822453851395,1407.0246236573116,0.6614953799052022,-0.9773518443107605,56.0,0.9773518443107605
3.61471749467309,6.651457632947763,9677.0268472807,0.28203004175206037,-0.6781219840049744,3.0,0.6781219840049744
