iterations,cfg,sd_seed,guidance_rescale,f1_alg,f2,fitness_yolo
14.760017653293236,7.822374223234038,5963.2943310019955,0.30108697715599725,-0.9519267678260803,14.0,0.9519267678260803
11.214899259985575,7.391431317870906,6671.211906070233,0.11939530288754961,-0.9444912672042847,11.0,0.9444912672042847
8.18343581468339,10.193908616718643,1500.291954345445,0.31071038653420124,-0.9107235074043274,8.0,0.9107235074043274
4.892215254784009,7.9985876859139085,5998.919040394632,0.3421030431591746,-0.7998331785202026,4.0,0.7998331785202026
10.55513792335312,7.816888446619065,5977.961822056751,0.1633397325356419,-0.9170018434524536,10.0,0.9170018434524536
15.030129256087777,9.357792776007102,5963.708088134874,0.32374601575069556,-0.9712519645690918,15.0,0.9712519645690918
