iterations,cfg,sd_seed,guidance_rescale,f1_alg,f2,fitness_yolo
18.352846430826556,16.854425889189702,1264.5987924614556,0.7304992988789308,-0.977628767490387,18.0,0.977628767490387
4.888114395762386,10.688580238510232,1205.594648353453,0.32647102300744396,-0.5645864009857178,4.0,0.5645864009857178
6.876713498870229,10.86404976717542,5091.857825862465,0.7276594268355795,-0.9673413634300232,6.0,0.9673413634300232
5.713924796176077,10.687685566294267,5152.255002961344,0.8571258845814393,-0.900437593460083,5.0,0.900437593460083
18.3543362021664,16.854425889189702,1264.5987924614556,0.7304992988789308,-0.977628767490387,18.0,0.977628767490387
