iterations,cfg,sd_seed,guidance_rescale,f1_alg,f2,fitness_yolo
9.839972652757869,2.7708942316540726,6792.057331562965,0.8206618532743745,-0.962079644203186,9.0,0.962079644203186
4.732313115181887,8.8905967988233,6798.515338937636,0.8355399962525911,-0.7749605178833008,4.0,0.7749605178833008
7.734576142960167,2.7176593155393576,6798.509863796665,0.8882648585808677,-0.9011350870132446,7.0,0.9011350870132446
8.62040350012599,8.902995151230467,6798.572178030932,0.8345928370684607,-0.9298675060272217,8.0,0.9298675060272217
5.282856154361273,8.595679232570081,6798.514340742766,0.8199366507299525,-0.8842154145240784,5.0,0.8842154145240784
3.0670593456039246,2.600653940426199,8238.767718389354,0.8336077368915843,-0.522787868976593,3.0,0.522787868976593
