iterations,cfg,sd_seed,guidance_rescale,f1_alg,f2,fitness_yolo
15.732822246302216,9.924840607269346,9752.923388314615,0.21274604112819465,-0.9414659142494202,15.0,0.9414659142494202
15.75792814970648,9.924840607269346,9752.923388314615,0.21274604112819465,-0.9414659142494202,15.0,0.9414659142494202
92.53208727459712,8.465939419058616,9752.923388314615,0.17005702933462963,-0.9498963952064514,92.0,0.9498963952064514
10.17725156040912,10.326746933468014,9752.923388314615,0.10410321821024203,-0.9371029138565063,10.0,0.9371029138565063
15.597061303209312,9.924840607269346,9752.923388314615,0.21274604112819465,-0.9414659142494202,15.0,0.9414659142494202
4.601630806688686,10.19786628493428,7318.613362180423,0.08961871819772015,-0.9153375029563904,4.0,0.9153375029563904
15.956549332931557,9.924840607269346,9752.923388314615,0.21274604112819465,-0.9414659142494202,15.0,0.9414659142494202
90.59801592585774,9.928023786466502,9752.923388314615,0.21561222051724627,-0.9449213147163391,90.0,0.9449213147163391
91.73984455355422,9.6322526161885,9752.923388314615,0.21616342136512032,-0.9487569332122803,91.0,0.9487569332122803
