iterations,cfg,sd_seed,guidance_rescale,f1_alg,f2,fitness_yolo
4.35640966882246,12.393023453232384,3364.062137559014,0.23760232832744693,-0.8511574864387512,4.0,0.8511574864387512
5.759331622104651,12.974499782213579,3425.143724757795,0.1545043785375609,-0.9771621823310852,5.0,0.9771621823310852
