iterations,cfg,sd_seed,guidance_rescale,f1_alg,f2,fitness_yolo
4.066731350371246,9.304930744243395,9290.725122753323,0.5808068030782245,-0.7827519178390503,4.0,0.7827519178390503
4.180924626194454,9.304930744243395,9290.725122753323,0.5808068030782245,-0.7827519178390503,4.0,0.7827519178390503
14.271190248295607,8.74356773838386,8747.453686333132,0.7600974674597741,-0.9312484860420227,14.0,0.9312484860420227
24.28123709985241,18.28166843986872,8712.232783449253,0.7147238041206014,-0.9433974623680115,24.0,0.9433974623680115
6.743182859522712,10.10248733259985,9792.050573118653,0.770890391345645,-0.8450102806091309,6.0,0.8450102806091309
3.2736507262890626,9.40736701680669,9793.431395739894,0.5750545803881567,-0.761350154876709,3.0,0.761350154876709
13.969116718458281,8.74356773838386,8747.453686333132,0.7600974674597741,-0.9232361912727356,13.0,0.9232361912727356
