iterations,cfg,sd_seed,guidance_rescale,f1_alg,f2,fitness_yolo
3.387949747851715,10.122476323761953,7607.744128351918,0.45982523162529565,-0.8489024043083191,3.0,0.8489024043083191
7.569756084635245,4.741063917081986,118.98659300622671,0.5844212926531533,-0.9332142472267151,7.0,0.9332142472267151
32.03596519677552,8.990273853543718,7655.998638935866,0.4358715518181262,-0.9596549868583679,32.0,0.9596549868583679
32.06194859368273,8.990273853543718,7655.998638935866,0.4358715518181262,-0.9596549868583679,32.0,0.9596549868583679
32.03596519677552,8.990273853543718,7655.9986389353935,0.4358715518181262,-0.9596549868583679,32.0,0.9596549868583679
32.03596519677552,8.990273853543718,7655.998638935379,0.4358715518181262,-0.9596549868583679,32.0,0.9596549868583679
31.238332813576594,8.527906858797989,7655.686760628773,0.4228651650160025,-0.9555102586746216,31.0,0.9555102586746216
6.639625194682211,4.702421460474834,118.98659300622671,0.48139780632599405,-0.9293217062950134,6.0,0.9293217062950134
