iterations,cfg,sd_seed,guidance_rescale,f1_alg,f2,fitness_yolo
9.012009264236031,9.41109607870725,1862.312529955957,0.5948699283520468,-0.9639185070991516,9.0,0.9639185070991516
5.374090630016224,8.612689092938533,1607.6684956170811,0.6242898919940292,-0.909634530544281,5.0,0.909634530544281
8.892414326084126,9.402380407339392,1862.312529955957,0.6227303462636444,-0.9245782494544983,8.0,0.9245782494544983
15.302505453417812,10.616986757602913,1862.312529955957,0.6227806668550738,-0.9752301573753357,15.0,0.9752301573753357
15.302360480314661,10.616986757602913,1862.312529955957,0.6227806668550738,-0.9752301573753357,15.0,0.9752301573753357
9.061993175794273,9.41109607870725,1862.312529955957,0.5948699283520468,-0.9639185070991516,9.0,0.9639185070991516
3.2197104037530067,10.222352732952118,2655.5979645336993,0.6031351315758874,-0.880057156085968,3.0,0.880057156085968
