iterations,cfg,sd_seed,guidance_rescale,f1_alg,f2,fitness_yolo
11.869100780628408,17.955365175371114,7470.191848127513,0.9375336379878014,-0.9342812895774841,11.0,0.9342812895774841
9.32318890005629,18.548464292929882,790.2149718050864,0.2349895277932636,-0.8748215436935425,9.0,0.8748215436935425
28.705590291815493,18.12379361743658,790.2149718050864,0.026058600664293517,-0.9722939729690552,28.0,0.9722939729690552
13.847963156965827,18.08947094310482,790.2149718050864,0.24115832034118825,-0.9711740612983704,13.0,0.9711740612983704
28.70559398077623,18.12379361743658,790.2149718050864,0.026058600664293517,-0.9722939729690552,28.0,0.9722939729690552
3.312417089590218,18.00709472377664,842.759902840998,0.026160657686895933,-0.8352060914039612,3.0,0.8352060914039612
