iterations,cfg,sd_seed,guidance_rescale,f1_alg,f2,fitness_yolo
3.805591702110294,10.719734862326295,6636.775429398318,0.02923495690791097,-0.8889878988265991,3.0,0.8889878988265991
3.930658670217132,10.719734862326295,6636.775429398318,0.02923495690791097,-0.8889878988265991,3.0,0.8889878988265991
6.737249544079788,13.654599559507743,1991.3285324286321,0.37519208975721086,-0.9540321230888367,6.0,0.9540321230888367
