iterations,cfg,sd_seed,guidance_rescale,f1_alg,f2,fitness_yolo
53.95519350933025,5.084542582435788,7877.930179292169,0.32307748512194384,-0.9630256295204163,53.0,0.9630256295204163
53.94455824096766,5.084542582435788,7877.930179292169,0.32307748512194384,-0.9630256295204163,53.0,0.9630256295204163
3.2046417571143855,5.249308901206523,3756.765276849462,0.2509386272665281,-0.8603541851043701,3.0,0.8603541851043701
4.619866633922474,5.09357972649051,3756.765276849462,0.24926912503366988,-0.9459283351898193,4.0,0.9459283351898193
3.2049974277811475,5.249308901206523,3756.765276849462,0.2509386272665281,-0.8603541851043701,3.0,0.8603541851043701
3.7074383183754436,5.249308901206523,3756.765276849462,0.2509386272665281,-0.8603541851043701,3.0,0.8603541851043701
