iterations,cfg,sd_seed,guidance_rescale,f1_alg,f2,fitness_yolo
5.608140479247647,6.605152712624302,4876.324879670239,0.5460440088122267,-0.9259313941001892,5.0,0.9259313941001892
15.79342195861148,5.537522155321225,3675.15332003634,0.5858964952169304,-0.949554443359375,15.0,0.949554443359375
6.693252523470886,6.836857896446083,4876.324879670239,0.1953509438683174,-0.9308332800865173,6.0,0.9308332800865173
14.702679974436874,5.535502594585665,3675.15332003634,0.5691782130407612,-0.94472336769104,14.0,0.94472336769104
24.496990062302714,6.678472654563467,6639.513320759619,0.9879410657519436,-0.9670402407646179,24.0,0.9670402407646179
3.0779037341731854,6.832714822241768,3681.1378050651165,0.620542425081755,-0.9228425025939941,3.0,0.9228425025939941
38.354973640298695,6.688926046304087,6639.513320759619,0.9874914174843177,-0.9671812653541565,38.0,0.9671812653541565
