iterations,cfg,sd_seed,guidance_rescale,f1_alg,f2,fitness_yolo
6.838356712993476,12.446972034884247,7493.572694694967,0.2865654955512706,-0.9435254335403442,6.0,0.9435254335403442
6.838356712993476,12.446972034884247,7493.53492425537,0.2865654955512706,-0.9435254335403442,6.0,0.9435254335403442
5.10464273707071,5.788682382759696,191.85778684319297,0.6615144081400227,-0.9312223196029663,5.0,0.9312223196029663
4.921496838597249,11.919041166987514,7493.214490284285,0.21827045272242254,-0.928130030632019,4.0,0.928130030632019
3.3275206145939027,11.925821325465442,6636.944375752984,0.2174786404450867,-0.5669565200805664,3.0,0.5669565200805664
26.923800323504153,12.636958867754977,7424.376949523828,0.21719861964238013,-0.9525036215782166,26.0,0.9525036215782166
25.487448432586426,12.444111313916629,7422.02697589789,0.2777955937895985,-0.947809100151062,25.0,0.947809100151062
