objeto,hv_mean,hv_std
umbrella,73.61717083156108,0.9172700350777908
